Frequency Value,FP01,FP02,FP03,FP04,FP05,FP06,FP07,FP08,FP09,FP10,FP11,FP12,FP13,FP14,FP15,FP16,FP17,FP18,FP19,FP20,FP21,FP22,FP23,FP24,FP25,FP26,FP27,FP28,FP29,FP30,FP31,FP32
0,0.044382,0.298351,0.169841,0.157899,0.005318,0.374633,0.140235,0.071142,0.198091,0.035314,0.156918,0.311007,0.01934,0.618857,0.036667,0.457521,0.462865,0.00000054456,0.054321,0.072438,0.211716,0.175546,1,0.90588,0.042246,0.398697,0.45922,0.123951,0.003342,0.161233,0.020572,0.000899
0.390625,0.019463,0.061815,0.015427,0.036701,0.073498,0.171013,0.032085,0.02521,0.221099,0.008654,0.018231,0.167205,0.062817,0.217602,0.01317,0.129397,0.698018,0.282299,0.446671,0.552145,0.66463,0.629085,1,0.907734,0.305942,0.661619,0.693282,0.589009,0.024511,0.04097,0.378211,0.349058
0.78125,0.055627,0.022225,0.073111,0.099611,0.082635,0.087373,0.054313,0.119288,0.458701,0.004423,0.057937,0.154888,0.162128,0.066229,0.008794,0.041003,0.749844,0.603507,0.841614,0.934361,0.928897,0.894824,1,0.961669,0.86578,0.868247,0.758744,0.930746,0.094849,0.267257,0.780329,0.848508
1.171875,0.196366,0.016392,0.256142,0.207944,0.108795,0.040375,0.279724,0.292915,0.430185,0.059238,0.057135,0.146732,0.085484,0.011379,0.1397,0.07568,0.648681,0.470175,0.846428,0.948633,0.948505,0.812355,1,0.959452,0.885353,0.872927,0.566364,0.946307,0.215481,0.15837,0.811604,0.814684
1.5625,0.365237,0.014332,0.354761,0.252181,0.261655,0.071734,0.449966,0.366854,0.518298,0.082565,0.03556,0.27504,0.149924,0.054905,0.090719,0.075188,0.861821,0.759686,0.902347,0.964641,0.968193,0.91052,1,0.973602,0.925426,0.898154,0.796747,0.961987,0.099728,0.541054,0.919268,0.902457
1.953125,0.438319,0.041143,0.520969,0.350847,0.354553,0.155441,0.614805,0.494037,0.69003,0.274173,0.128355,0.387732,0.218342,0.19573,0.03678,0.04826,0.911329,0.88091,0.923379,0.977373,0.966245,0.933851,1,0.981832,0.950604,0.934005,0.829622,0.978157,0.10112,0.649101,0.942167,0.929766
2.34375,0.451715,0.092852,0.54634,0.35195,0.226573,0.229965,0.613018,0.58783,0.683178,0.162982,0.06446,0.245206,0.15573,0.23596,0.089197,0.069509,0.909132,0.861142,0.905665,0.983472,0.971467,0.947467,1,0.983841,0.951788,0.930227,0.848647,0.969358,0.229001,0.650125,0.942034,0.924562
2.734375,0.576336,0.070329,0.598511,0.427794,0.442049,0.29981,0.6634,0.6766,0.706069,0.157877,0.034528,0.453655,0.196119,0.235379,0.058308,0.074966,0.885452,0.839892,0.878131,0.983276,0.972015,0.95443,1,0.981055,0.948961,0.929345,0.860883,0.976469,0.217956,0.682456,0.954136,0.939598
3.125,0.549223,0.05339,0.58007,0.452616,0.476052,0.230601,0.668095,0.626641,0.714468,0.115748,0.071011,0.515825,0.211777,0.201658,0.001354,0.080906,0.893301,0.857978,0.887529,0.978919,0.972292,0.962213,1,0.979728,0.938585,0.900085,0.864738,0.977282,0.09632,0.715336,0.955993,0.944261
3.515625,0.557939,0.063488,0.699097,0.608528,0.483223,0.25209,0.734843,0.73872,0.765828,0.278145,0.186927,0.551987,0.256537,0.433772,0.063961,0.018194,0.912508,0.868956,0.927739,0.98585,0.981769,0.968273,1,0.988193,0.954211,0.940538,0.896787,0.982572,0.208989,0.731876,0.96442,0.950424
3.90625,0.695397,0.160439,0.778864,0.687471,0.587274,0.509343,0.797588,0.789714,0.879809,0.534129,0.388652,0.729401,0.53409,0.660542,0.014439,0.100576,0.929485,0.8947,0.90386,0.989389,0.988017,0.97189,1,0.987411,0.963558,0.955089,0.90761,0.985583,0.277401,0.752442,0.974352,0.967601
4.296875,0.645817,0.190781,0.722427,0.644566,0.590707,0.386728,0.792707,0.77922,0.847477,0.558497,0.135102,0.699877,0.505565,0.516487,0.049946,0.26432,0.92798,0.895364,0.932788,0.989576,0.983786,0.970893,1,0.989806,0.958041,0.943265,0.90566,0.982942,0.29168,0.750942,0.974785,0.961874
4.6875,0.695592,0.212883,0.815327,0.764831,0.710254,0.531811,0.84304,0.829235,0.889458,0.543559,0.150396,0.781708,0.567934,0.61373,0.125258,0.195507,0.957053,0.932793,0.944366,0.991805,0.989511,0.979384,1,0.990993,0.976595,0.966096,0.93514,0.987758,0.369627,0.804846,0.979878,0.970896
5.078125,0.676891,0.348044,0.807919,0.735306,0.63677,0.474067,0.821418,0.811525,0.848903,0.369845,0.209914,0.726046,0.487221,0.560237,0.291997,0.29549,0.957099,0.923042,0.960762,0.992523,0.990289,0.980649,1,0.991354,0.973502,0.960514,0.923682,0.988537,0.437254,0.775753,0.978644,0.972101
5.46875,0.525022,0.311155,0.69039,0.577862,0.541041,0.425746,0.684571,0.669373,0.788504,0.274945,0.144379,0.604519,0.2845,0.344756,0.165092,0.145561,0.951496,0.918885,0.955543,0.993706,0.981786,0.97449,1,0.993157,0.969054,0.946593,0.912767,0.983895,0.431078,0.747256,0.967096,0.958942
5.859375,0.521594,0.113609,0.631715,0.541736,0.482802,0.317929,0.67205,0.613803,0.699794,0.232698,0.044788,0.61919,0.294116,0.301567,0.090395,0.264677,0.917792,0.879696,0.95747,0.992193,0.976113,0.965994,1,0.992293,0.972621,0.934008,0.87485,0.98593,0.373166,0.609542,0.962785,0.955518
6.25,0.526173,0.16711,0.680339,0.658228,0.562549,0.380898,0.690827,0.69406,0.79755,0.410553,0.060594,0.615779,0.457055,0.446053,0.188517,0.390652,0.904633,0.838308,0.976193,0.993923,0.980998,0.957363,1,0.99373,0.97036,0.948705,0.841024,0.981663,0.313346,0.557529,0.956555,0.940445
6.640625,0.370163,0.183755,0.582726,0.523433,0.539142,0.344781,0.60644,0.600972,0.704765,0.444642,0.074527,0.592452,0.378845,0.335114,0.208705,0.332495,0.91839,0.868444,0.96341,0.991586,0.982069,0.959445,1,0.99144,0.963993,0.944533,0.842672,0.979742,0.254288,0.598955,0.957622,0.945854
7.03125,0.281945,0.084752,0.422819,0.369195,0.326027,0.224681,0.428418,0.421688,0.561317,0.158417,0.002875,0.53263,0.196437,0.169624,0.034602,0.093605,0.849565,0.768529,0.904858,0.975031,0.957665,0.941052,1,0.977104,0.918592,0.883668,0.754138,0.96457,0.174701,0.471154,0.927038,0.91062
7.421875,0.147513,0.076845,0.267411,0.258667,0.205964,0.167057,0.237271,0.274728,0.327412,0.162192,0.01892,0.247036,0.096839,0.136478,0.177832,0.165676,0.763276,0.674257,0.877183,0.971662,0.927373,0.881588,1,0.976889,0.879744,0.808705,0.639604,0.930054,0.24516,0.389082,0.85889,0.803036
7.8125,0.138627,0.08158,0.236754,0.220102,0.112585,0.056398,0.221993,0.232275,0.244291,0.057093,0.035635,0.166354,0.18141,0.188664,0.117242,0.118401,0.757311,0.702335,0.894164,0.966429,0.901144,0.876224,1,0.970145,0.87745,0.788678,0.652679,0.935252,0.120579,0.458465,0.863119,0.811639
8.203125,0.165456,0.037257,0.360825,0.230391,0.079223,0.08342,0.354311,0.349496,0.40655,0.198254,0.013552,0.256321,0.187913,0.18625,0.045776,0.061601,0.798102,0.748617,0.870391,0.961757,0.911772,0.912873,1,0.975541,0.878888,0.761798,0.753376,0.924521,0.119094,0.576638,0.876284,0.820957
8.59375,0.191386,0.016785,0.435851,0.316048,0.184817,0.076905,0.469627,0.412099,0.41271,0.177525,0.013833,0.307622,0.317054,0.363546,0.021835,0.089342,0.69292,0.613736,0.821287,0.954912,0.889545,0.888434,1,0.962595,0.88585,0.83431,0.6652,0.919714,0.031358,0.439527,0.858544,0.799652
8.984375,0.289987,0.010441,0.451617,0.284433,0.143686,0.023818,0.427443,0.319606,0.504685,0.259643,0.007648,0.425284,0.189353,0.272314,0.012854,0.18291,0.7915,0.746294,0.788825,0.952777,0.91701,0.902001,1,0.965991,0.836047,0.766427,0.754165,0.928408,0.206747,0.613501,0.887761,0.836102
9.375,0.447724,0.060436,0.479208,0.401344,0.222193,0.108822,0.499927,0.469921,0.547948,0.281521,0.031989,0.443842,0.18877,0.24727,0.100645,0.262305,0.840603,0.826084,0.838254,0.971353,0.91058,0.930407,1,0.974817,0.889845,0.81798,0.81567,0.935315,0.336434,0.718975,0.901216,0.843872
9.765625,0.365349,0.018246,0.477382,0.390057,0.318751,0.140306,0.491696,0.474303,0.555033,0.258811,0.015252,0.45828,0.150535,0.141836,0.106952,0.285608,0.867855,0.836578,0.882331,0.976558,0.9466,0.950846,1,0.981603,0.88253,0.846339,0.867218,0.961923,0.302545,0.753012,0.940081,0.910428
10.15625,0.370226,0.076384,0.54086,0.468829,0.465674,0.218743,0.59068,0.546703,0.569539,0.254826,0.009626,0.403886,0.223419,0.261201,0.047616,0.190945,0.896509,0.864137,0.893092,0.971581,0.953718,0.94887,1,0.97618,0.87864,0.826673,0.89456,0.971222,0.326836,0.793177,0.949798,0.92678
10.546875,0.437793,0.067195,0.527247,0.451738,0.442994,0.205632,0.550151,0.480402,0.556424,0.272245,0.009918,0.463405,0.18811,0.229341,0.128366,0.19592,0.865096,0.836573,0.892126,0.968134,0.94123,0.943698,1,0.976638,0.888168,0.828421,0.858878,0.960139,0.354547,0.755168,0.934833,0.901656
10.9375,0.349046,0.034468,0.455963,0.402183,0.286273,0.127081,0.492928,0.449805,0.497613,0.154322,0.036488,0.463743,0.096848,0.15958,0.126589,0.140496,0.903565,0.874988,0.934145,0.973556,0.957057,0.961909,1,0.987738,0.926467,0.891162,0.901957,0.970228,0.350809,0.809806,0.951136,0.927831
11.328125,0.401242,0.136953,0.448483,0.441514,0.125363,0.194643,0.468148,0.471867,0.516717,0.197464,0.045039,0.403807,0.158733,0.214833,0.099454,0.11648,0.868562,0.847827,0.881229,0.9709,0.915672,0.946947,1,0.97645,0.90135,0.843389,0.84425,0.943977,0.27721,0.738593,0.915015,0.872733
11.71875,0.417595,0.095638,0.637182,0.617782,0.26994,0.221239,0.671709,0.660826,0.627985,0.40194,0.025722,0.390791,0.371144,0.394499,0.071777,0.015651,0.853538,0.836908,0.896897,0.963632,0.909183,0.926122,1,0.973574,0.921918,0.858026,0.812799,0.943696,0.260094,0.681367,0.899425,0.851458
12.109375,0.401739,0.040096,0.551942,0.503229,0.263583,0.1109,0.613846,0.557157,0.66223,0.215226,0.009296,0.570525,0.302915,0.278027,0.02842,0.183494,0.894995,0.862684,0.915115,0.981002,0.949456,0.953705,1,0.98141,0.938973,0.881742,0.870656,0.961285,0.322077,0.768191,0.934568,0.900245
12.5,0.404766,0.038221,0.468612,0.377693,0.268876,0.167952,0.523005,0.495531,0.557102,0.142978,0.020038,0.46485,0.169156,0.227079,0.06883,0.176668,0.894674,0.855467,0.923463,0.973818,0.957672,0.954783,1,0.981011,0.930701,0.883697,0.858829,0.962925,0.368031,0.771124,0.930875,0.896167
12.890625,0.413868,0.055296,0.558182,0.490023,0.265183,0.187256,0.534859,0.520685,0.604127,0.142295,0.013035,0.440022,0.217138,0.196762,0.092378,0.059748,0.855485,0.808348,0.895514,0.971201,0.948063,0.941879,1,0.98142,0.910984,0.871417,0.853132,0.959398,0.221399,0.739986,0.927318,0.890274
13.28125,0.26553,0.057393,0.531894,0.468677,0.261391,0.166613,0.526201,0.519707,0.64043,0.118634,0.013781,0.358136,0.078049,0.122646,0.086147,0.028009,0.866749,0.812548,0.897414,0.970428,0.942935,0.94042,1,0.976862,0.905654,0.871791,0.837917,0.951977,0.214451,0.727188,0.91896,0.885296
13.671875,0.189034,0.088154,0.38288,0.429664,0.21567,0.138344,0.407632,0.421791,0.435656,0.145796,0.040394,0.171152,0.226794,0.218764,0.019187,0.031266,0.857379,0.800839,0.87595,0.958295,0.92388,0.93887,1,0.972247,0.908114,0.888713,0.793993,0.940565,0.156158,0.64613,0.908721,0.856009
14.0625,0.125505,0.07468,0.424814,0.423181,0.098159,0.039882,0.517631,0.502326,0.467494,0.21486,0.054819,0.341351,0.176962,0.238234,0.051667,0.039579,0.834758,0.802735,0.890002,0.959844,0.919111,0.930577,1,0.971318,0.907729,0.866654,0.799911,0.930482,0.259537,0.667201,0.897677,0.828797
14.453125,0.281583,0.088579,0.457359,0.428477,0.180127,0.222744,0.513239,0.502189,0.432482,0.226201,0.085687,0.395263,0.210218,0.216655,0.108109,0.013993,0.815418,0.780797,0.876933,0.959146,0.923544,0.943163,1,0.971586,0.874827,0.816227,0.82673,0.950732,0.19697,0.694861,0.918461,0.87527
14.84375,0.223914,0.052615,0.338792,0.277214,0.196095,0.082038,0.326479,0.304597,0.281882,0.082118,0.013475,0.236011,0.064128,0.212763,0.018811,0.071664,0.743689,0.686579,0.829158,0.93946,0.878087,0.900037,1,0.964596,0.867974,0.793839,0.710839,0.926249,0.070387,0.508632,0.867352,0.801498
15.234375,0.44417,0.022156,0.43087,0.369659,0.296335,0.096264,0.481988,0.487216,0.4276,0.030991,0.051658,0.4971,0.095461,0.057094,0.038818,0.212448,0.707689,0.662213,0.818277,0.933727,0.86447,0.881936,1,0.963924,0.821098,0.808057,0.70231,0.931499,0.123447,0.524105,0.870593,0.79823
15.625,0.21109,0.001857,0.284526,0.137036,0.140756,0.034044,0.30489,0.350414,0.303577,0.094798,0.016128,0.183094,0.031414,0.031354,0.016875,0.082444,0.77314,0.733029,0.816068,0.901287,0.881751,0.895115,1,0.947203,0.769889,0.733316,0.747819,0.93416,0.20417,0.597559,0.89173,0.818405
16.015625,0.178784,0.054911,0.175254,0.077119,0.059399,0.095151,0.165965,0.167602,0.118436,0.085113,0.033882,0.113403,0.063639,0.069716,0.028123,0.044613,0.77187,0.726667,0.845231,0.906695,0.875649,0.894864,1,0.938026,0.83837,0.739532,0.749216,0.901119,0.244446,0.57066,0.853412,0.77395
16.40625,0.202252,0.06857,0.052645,0.024946,0.036856,0.090254,0.102752,0.080864,0.117639,0.020107,0.055734,0.175124,0.044774,0.099971,0.052757,0.112691,0.742669,0.678053,0.799393,0.902067,0.855571,0.862877,1,0.937245,0.854573,0.766063,0.684844,0.884228,0.161387,0.434777,0.829801,0.728508
16.796875,0.240263,0.009188,0.102414,0.063041,0.069319,0.015739,0.118063,0.115253,0.125234,0.018975,0.035187,0.098944,0.031823,0.02904,0.01592,0.050401,0.738358,0.676414,0.820936,0.908767,0.85228,0.874323,1,0.936601,0.824525,0.768644,0.613083,0.898089,0.038399,0.386035,0.804807,0.693169
17.1875,0.283231,0.013934,0.285941,0.237012,0.058018,0.062026,0.296491,0.27346,0.374929,0.05475,0.008516,0.230849,0.031063,0.062721,0.030006,0.03395,0.680766,0.650138,0.64202,0.876051,0.8157,0.868964,1,0.911985,0.781049,0.749923,0.572393,0.899299,0.065529,0.384315,0.785693,0.702228
17.578125,0.253469,0.013574,0.265906,0.179179,0.135697,0.035969,0.253261,0.195978,0.305356,0.010844,0.095897,0.3042,0.038977,0.020066,0.006362,0.117645,0.68538,0.651732,0.820812,0.908486,0.83729,0.862365,1,0.942955,0.863231,0.80877,0.612518,0.91893,0.115449,0.406301,0.817652,0.756925
17.96875,0.194881,0.048597,0.316503,0.313002,0.144519,0.140705,0.340315,0.278217,0.267023,0.108049,0.062175,0.139956,0.126213,0.091701,0.03388,0.038615,0.674608,0.635417,0.757473,0.917084,0.846241,0.866115,1,0.95012,0.833771,0.753966,0.628478,0.906755,0.146348,0.402648,0.824696,0.758338
18.359375,0.266228,0.011504,0.392522,0.325905,0.179654,0.085342,0.426455,0.431898,0.365562,0.166675,0.078387,0.328748,0.107074,0.067449,0.02784,0.069449,0.777908,0.715014,0.831201,0.948874,0.909752,0.891267,1,0.949924,0.875865,0.786924,0.756399,0.927253,0.204431,0.579517,0.882343,0.835418
18.75,0.292208,0.06261,0.360175,0.278262,0.178979,0.038105,0.433313,0.413856,0.343522,0.024244,0.045789,0.287038,0.109874,0.050142,0.013761,0.038909,0.771531,0.716043,0.850141,0.954419,0.893147,0.883314,1,0.959195,0.911529,0.866921,0.722033,0.930081,0.17223,0.501807,0.871822,0.78494
19.140625,0.324358,0.062452,0.276463,0.210597,0.209537,0.039443,0.462294,0.418708,0.373372,0.056477,0.026788,0.349723,0.099882,0.026514,0.002438,0.087089,0.708626,0.644998,0.765895,0.908023,0.889713,0.860006,1,0.951495,0.895354,0.816828,0.691181,0.916312,0.151174,0.461434,0.85205,0.789385
19.53125,0.313885,0.129322,0.392378,0.23368,0.226763,0.015613,0.550957,0.532703,0.392637,0.165287,0.00242,0.51905,0.011589,0.036072,0.012694,0.154399,0.649548,0.590442,0.812051,0.91473,0.847898,0.87902,1,0.965573,0.886047,0.814528,0.648375,0.905606,0.21665,0.425991,0.834492,0.762458
19.921875,0.307195,0.034627,0.40655,0.366479,0.15533,0.090841,0.587699,0.518049,0.484994,0.164092,0.047919,0.450253,0.076544,0.114314,0.039592,0.113461,0.785341,0.710707,0.755527,0.941986,0.899897,0.891823,1,0.974379,0.899133,0.832572,0.742898,0.924647,0.158052,0.530163,0.867498,0.827837
20.3125,0.262878,0.014585,0.384208,0.33702,0.075274,0.088985,0.486595,0.459403,0.610313,0.202215,0.012365,0.331685,0.090903,0.031623,0.008924,0.093524,0.71339,0.643537,0.718577,0.944598,0.845823,0.836439,1,0.974881,0.889048,0.821622,0.623699,0.921905,0.119399,0.363522,0.813225,0.764458
20.703125,0.310734,0.048013,0.318876,0.304124,0.177067,0.052362,0.475175,0.459857,0.370909,0.116598,0.017544,0.401346,0.029429,0.033512,0.020266,0.125198,0.662987,0.572585,0.713879,0.939802,0.866765,0.860541,1,0.959646,0.863955,0.832107,0.655289,0.927905,0.013628,0.400915,0.839622,0.777591
21.09375,0.481348,0.141435,0.257106,0.285972,0.09638,0.027636,0.493675,0.492348,0.260214,0.12796,0.036722,0.415492,0.053952,0.074985,0.022682,0.230514,0.696307,0.623442,0.684917,0.953228,0.893814,0.878656,1,0.959998,0.865703,0.855612,0.687502,0.91461,0.080693,0.385422,0.864262,0.786324
21.484375,0.355679,0.136723,0.31553,0.298353,0.01471,0.036303,0.491568,0.475619,0.278614,0.165628,0.00847,0.303754,0.019438,0.001137,0.025591,0.09953,0.715795,0.6166,0.695678,0.942931,0.874795,0.855156,1,0.970907,0.894472,0.843631,0.674112,0.933907,0.112873,0.336393,0.866404,0.813725
21.875,0.371931,0.127652,0.437498,0.28301,0.031339,0.045811,0.428559,0.414719,0.546351,0.219779,0.055774,0.323902,0.075459,0.016248,0.093106,0.143846,0.727972,0.645894,0.74627,0.955497,0.919325,0.904995,1,0.977368,0.902886,0.868404,0.71943,0.945395,0.193945,0.340536,0.893974,0.845598
22.265625,0.399279,0.033551,0.572354,0.457661,0.061864,0.048285,0.530617,0.495595,0.62154,0.261754,0.01942,0.38488,0.00519,0.054452,0.003173,0.054331,0.737031,0.661203,0.757465,0.958025,0.89926,0.886855,1,0.978441,0.930542,0.893675,0.693703,0.946862,0.194045,0.316668,0.889733,0.833152
22.65625,0.319871,0.020478,0.534345,0.403445,0.020048,0.004068,0.58968,0.572001,0.537659,0.296679,0.123376,0.327356,0.106937,0.027763,0.004872,0.08605,0.836524,0.779647,0.798391,0.954967,0.917585,0.923732,1,0.969292,0.910005,0.891866,0.802719,0.962083,0.019997,0.550885,0.919678,0.88836
23.046875,0.355047,0.013523,0.525968,0.427973,0.143126,0.015487,0.56034,0.521177,0.486748,0.241757,0.061611,0.373561,0.107018,0.014434,0.071454,0.13983,0.817985,0.78506,0.665988,0.944948,0.892865,0.915102,1,0.96069,0.888771,0.832262,0.794893,0.938306,0.017007,0.601044,0.894841,0.840695
23.4375,0.215806,0.016664,0.277994,0.176804,0.078452,0.022458,0.398362,0.385082,0.450343,0.191501,0.078839,0.260444,0.018669,0.033017,0.121432,0.188133,0.733938,0.67071,0.726325,0.944472,0.866107,0.879306,1,0.964531,0.865756,0.838322,0.683236,0.915846,0.011769,0.413368,0.848943,0.790668
23.828125,0.293608,0.10214,0.393971,0.262347,0.051863,0.010984,0.461556,0.448663,0.532133,0.298862,0.149926,0.384599,0.025634,0.010564,0.049939,0.164361,0.794048,0.725201,0.730388,0.945671,0.885847,0.90544,1,0.974586,0.915247,0.850553,0.706469,0.914236,0.018815,0.455353,0.869975,0.831696
24.21875,0.401998,0.122689,0.541862,0.44332,0.080155,0.008629,0.558928,0.586899,0.65174,0.296044,0.120937,0.486124,0.056093,0.029197,0.045567,0.256472,0.857323,0.813231,0.733543,0.957999,0.924514,0.933484,1,0.977435,0.931007,0.872655,0.811269,0.942668,0.05461,0.601516,0.921695,0.880681
24.609375,0.487548,0.073599,0.654599,0.559189,0.131376,0.035048,0.669461,0.73214,0.667311,0.403755,0.144002,0.525029,0.11082,0.063774,0.019163,0.059824,0.832127,0.773431,0.734902,0.962471,0.919544,0.915593,1,0.97797,0.871649,0.848597,0.810502,0.951311,0.08153,0.578491,0.922653,0.882762
25,0.54098,0.119163,0.536761,0.342293,0.153907,0.082938,0.588043,0.590457,0.535699,0.104577,0.036004,0.498575,0.049418,0.060404,0.125544,0.303667,0.825808,0.752346,0.657201,0.932897,0.915093,0.919906,1,0.973297,0.905378,0.828585,0.806724,0.941542,0.070413,0.631812,0.902219,0.864982
25.390625,0.42662,0.083623,0.420023,0.300504,0.076979,0.031517,0.45003,0.417245,0.48831,0.107901,0.01987,0.373147,0.044819,0.025024,0.142561,0.162116,0.810703,0.759652,0.59809,0.913605,0.887271,0.889967,1,0.958624,0.853205,0.793084,0.799348,0.920173,0.089473,0.602226,0.879614,0.849486
25.78125,0.37468,0.067651,0.521198,0.507694,0.077566,0.015145,0.562755,0.518487,0.586877,0.37842,0.204793,0.365189,0.030695,0.012524,0.150377,0.194999,0.848354,0.79384,0.669337,0.941571,0.897317,0.908324,1,0.966162,0.925455,0.881435,0.82372,0.941006,0.00676,0.61643,0.909033,0.875962
26.171875,0.472649,0.118144,0.53264,0.48824,0.035359,0.004702,0.554317,0.546325,0.578878,0.365211,0.134753,0.519939,0.019976,0.043227,0.147305,0.204201,0.894581,0.848632,0.642482,0.940354,0.932226,0.941181,1,0.969354,0.94842,0.861718,0.856747,0.944613,0.044095,0.74163,0.921936,0.886658
26.5625,0.488872,0.076227,0.470909,0.401765,0.073663,0.006808,0.538455,0.499953,0.630837,0.219654,0.013855,0.491424,0.011248,0.105749,0.115195,0.133411,0.839809,0.783199,0.731907,0.964362,0.919423,0.917584,1,0.973501,0.919661,0.846411,0.812061,0.953453,0.102448,0.595799,0.924204,0.890581
26.953125,0.436753,0.009243,0.340165,0.312299,0.042935,0.067685,0.481008,0.462067,0.529831,0.293547,0.046288,0.455036,0.053671,0.011142,0.031411,0.087642,0.808516,0.716838,0.693447,0.962108,0.902451,0.900092,1,0.969829,0.919087,0.867927,0.757288,0.923657,0.03281,0.538953,0.882244,0.850836
27.34375,0.286195,0.07599,0.353993,0.368951,0.153654,0.011774,0.455306,0.512797,0.568458,0.253562,0.047489,0.447698,0.035097,0.000964,0.138035,0.138954,0.877226,0.819397,0.512288,0.949882,0.932914,0.899256,1,0.969917,0.911609,0.822539,0.800115,0.910681,0.083677,0.661783,0.879077,0.846774
27.734375,0.540701,0.255389,0.606367,0.466813,0.250323,0.111234,0.645543,0.647624,0.63369,0.248089,0.038636,0.563826,0.037915,0.070585,0.121947,0.271751,0.855186,0.810143,0.530783,0.95185,0.926471,0.933183,1,0.976434,0.918833,0.859859,0.84707,0.948764,0.171151,0.751061,0.910882,0.901719
28.125,0.425717,0.266322,0.512839,0.489931,0.131276,0.160641,0.601822,0.652801,0.577907,0.220752,0.012453,0.415531,0.196163,0.202855,0.049837,0.144616,0.836995,0.806579,0.556782,0.960594,0.901808,0.92264,1,0.974254,0.919843,0.859346,0.790736,0.940671,0.098825,0.629596,0.881504,0.85536
28.515625,0.606176,0.196626,0.656593,0.642138,0.319681,0.056294,0.726038,0.742506,0.688382,0.414334,0.110605,0.634207,0.180045,0.080185,0.061946,0.151501,0.915157,0.907228,0.759548,0.971502,0.92971,0.944645,1,0.98514,0.942546,0.918913,0.860094,0.960555,0.325228,0.763617,0.923093,0.906072
28.90625,0.572925,0.204721,0.758983,0.671407,0.323426,0.012324,0.735988,0.766674,0.680334,0.44061,0.127012,0.578815,0.158945,0.028607,0.040552,0.26824,0.91404,0.895885,0.708689,0.971149,0.946944,0.955512,1,0.98816,0.946504,0.933253,0.885581,0.966297,0.331043,0.813019,0.941892,0.921374
29.296875,0.551047,0.275219,0.576245,0.524913,0.266349,0.12609,0.67082,0.663659,0.562678,0.218419,0.05131,0.493696,0.206947,0.064448,0.025801,0.253017,0.863163,0.837307,0.579297,0.974051,0.917528,0.944137,1,0.977381,0.938222,0.912957,0.835154,0.945271,0.126205,0.717933,0.91416,0.885824
29.6875,0.650896,0.310156,0.650948,0.588181,0.273113,0.125978,0.762149,0.754348,0.686349,0.277576,0.019946,0.611843,0.183369,0.100344,0.096967,0.32317,0.905562,0.873601,0.598753,0.966617,0.937668,0.953632,1,0.984584,0.939981,0.913361,0.882683,0.96226,0.179031,0.783712,0.938679,0.923321
30.078125,0.580531,0.436573,0.695583,0.601212,0.31292,0.229533,0.732947,0.745273,0.687724,0.196559,0.016524,0.688644,0.084771,0.095776,0.295966,0.376267,0.914023,0.896142,0.574947,0.969733,0.944977,0.955661,1,0.984532,0.950821,0.918025,0.899981,0.966963,0.219795,0.813149,0.94911,0.937882
30.46875,0.647066,0.30948,0.7222,0.619677,0.467284,0.138964,0.734311,0.766731,0.729188,0.131118,0.061018,0.651027,0.072649,0.153517,0.204214,0.32817,0.922605,0.901912,0.650147,0.97898,0.957658,0.95467,1,0.989487,0.951028,0.909197,0.903309,0.966577,0.33454,0.828527,0.944108,0.933903
30.859375,0.640202,0.402862,0.641564,0.508462,0.323442,0.125235,0.67157,0.685898,0.69087,0.174565,0.058062,0.651061,0.085776,0.342107,0.126605,0.388888,0.927162,0.913495,0.583959,0.979911,0.956916,0.965686,1,0.986812,0.937442,0.902385,0.915444,0.970436,0.274539,0.846444,0.954914,0.945366
31.25,0.645024,0.33242,0.554847,0.376759,0.192973,0.110434,0.660489,0.659775,0.609135,0.140228,0.038412,0.628851,0.044483,0.22448,0.099956,0.409396,0.878626,0.857282,0.568973,0.964383,0.924192,0.938541,1,0.986445,0.901204,0.840302,0.848308,0.955405,0.227146,0.756082,0.923776,0.910092
31.640625,0.589263,0.163959,0.656681,0.617908,0.26237,0.014333,0.699398,0.719767,0.633392,0.239561,0.061735,0.496341,0.055251,0.056004,0.05714,0.19685,0.894483,0.880209,0.608401,0.965947,0.933974,0.955638,1,0.989467,0.923581,0.90012,0.862425,0.953391,0.314935,0.787042,0.927204,0.906997
32.03125,0.688237,0.476129,0.717985,0.621268,0.405065,0.124232,0.788339,0.792645,0.814683,0.396471,0.189695,0.708729,0.056189,0.145211,0.110364,0.377706,0.929259,0.909774,0.630927,0.971571,0.953631,0.96291,1,0.989301,0.927692,0.898577,0.905377,0.967002,0.397792,0.85328,0.948749,0.936339
32.421875,0.696273,0.604229,0.69247,0.592002,0.388744,0.443515,0.761641,0.758465,0.763797,0.237716,0.188566,0.67357,0.288814,0.4207,0.266534,0.358838,0.923346,0.905539,0.577718,0.971529,0.957176,0.957516,1,0.989364,0.957699,0.927199,0.886682,0.969504,0.278818,0.816005,0.942575,0.933582
32.8125,0.663512,0.502881,0.695403,0.668235,0.353201,0.305276,0.749204,0.736245,0.761162,0.297734,0.044316,0.670538,0.379896,0.477364,0.17315,0.409143,0.939208,0.919846,0.672022,0.979251,0.961381,0.965156,1,0.992333,0.958788,0.922779,0.913353,0.973143,0.308519,0.840784,0.955696,0.945846
33.203125,0.49937,0.496106,0.588645,0.5779,0.277628,0.393721,0.655935,0.628053,0.700491,0.154992,0.041222,0.517548,0.324572,0.413141,0.107551,0.313326,0.94001,0.918272,0.662371,0.977307,0.962914,0.974052,1,0.989475,0.952474,0.918015,0.920932,0.976777,0.357461,0.886428,0.960635,0.95508
33.59375,0.626766,0.489626,0.644593,0.540825,0.2093,0.304414,0.708913,0.691591,0.653705,0.108035,0.021641,0.575608,0.255673,0.294688,0.133893,0.382208,0.939912,0.912774,0.670439,0.968904,0.966055,0.967239,1,0.987483,0.950136,0.899711,0.912396,0.965584,0.366779,0.863342,0.948276,0.937396
33.984375,0.700657,0.505421,0.748353,0.724224,0.399926,0.363009,0.825832,0.808162,0.755803,0.247325,0.068481,0.714937,0.504114,0.412422,0.145348,0.505424,0.943509,0.924271,0.611474,0.978644,0.968228,0.975351,1,0.990388,0.955656,0.925333,0.940037,0.976955,0.354102,0.87924,0.965482,0.958982
34.375,0.724308,0.539249,0.773594,0.693725,0.312796,0.397803,0.807861,0.767952,0.731807,0.349756,0.143415,0.714435,0.447642,0.32688,0.199371,0.489053,0.944198,0.930775,0.590777,0.980551,0.969024,0.969173,1,0.992121,0.956918,0.932679,0.93253,0.973331,0.427569,0.879699,0.961678,0.948947
34.765625,0.724737,0.552587,0.765081,0.677574,0.423501,0.38742,0.810893,0.80196,0.78565,0.170364,0.084459,0.739873,0.288145,0.404347,0.221224,0.426528,0.957665,0.947097,0.705027,0.980243,0.971593,0.973794,1,0.993156,0.967521,0.934693,0.946106,0.980764,0.507502,0.906744,0.970106,0.964458
35.15625,0.714537,0.518852,0.763335,0.767417,0.576597,0.387811,0.811828,0.814743,0.744287,0.329887,0.148784,0.761772,0.347775,0.353522,0.120983,0.461419,0.943089,0.936955,0.769412,0.981089,0.97037,0.975574,1,0.993711,0.956257,0.934222,0.933549,0.975194,0.487216,0.888962,0.959012,0.955871
35.546875,0.612861,0.377378,0.680957,0.648033,0.451869,0.375318,0.694592,0.722094,0.671354,0.181737,0.143324,0.592685,0.385636,0.32843,0.164674,0.401868,0.921277,0.903215,0.659668,0.974786,0.956771,0.969647,1,0.991474,0.95451,0.908628,0.899256,0.965115,0.470268,0.85234,0.937683,0.929983
35.9375,0.733936,0.530773,0.724386,0.671902,0.376423,0.389411,0.74616,0.769108,0.724589,0.162339,0.064827,0.725447,0.43841,0.489034,0.256824,0.422909,0.955989,0.938476,0.697477,0.983748,0.972842,0.977831,1,0.991981,0.972637,0.955019,0.945179,0.978732,0.544671,0.90991,0.966757,0.963491
36.328125,0.669656,0.58722,0.647403,0.535034,0.423532,0.457106,0.77708,0.758257,0.764967,0.173322,0.053426,0.726884,0.391283,0.497016,0.262208,0.522427,0.959857,0.938823,0.775951,0.987098,0.976399,0.982782,1,0.994014,0.963393,0.957166,0.952088,0.982628,0.473281,0.923999,0.971529,0.968337
36.71875,0.760962,0.665645,0.797182,0.674756,0.48524,0.586409,0.831323,0.79919,0.77062,0.354302,0.039482,0.791986,0.548313,0.602406,0.321862,0.61291,0.968419,0.957804,0.813161,0.990305,0.982362,0.985395,1,0.995191,0.981421,0.973785,0.961184,0.986103,0.501197,0.931184,0.979127,0.976577
37.109375,0.676244,0.522589,0.724506,0.663013,0.505836,0.419423,0.794212,0.773709,0.695933,0.284825,0.038234,0.716234,0.439133,0.408449,0.200768,0.435008,0.942214,0.912501,0.773256,0.985923,0.973762,0.975776,1,0.992968,0.972237,0.960988,0.940016,0.977113,0.326585,0.883838,0.969174,0.963118
37.5,0.740382,0.535323,0.657247,0.577958,0.349503,0.488607,0.749335,0.731896,0.642012,0.174113,0.103232,0.639958,0.515586,0.470967,0.284727,0.436573,0.929426,0.897468,0.76936,0.979798,0.967346,0.967577,1,0.993649,0.974203,0.942331,0.912313,0.967921,0.148567,0.845816,0.951704,0.942706
37.890625,0.725865,0.493351,0.742309,0.668892,0.46828,0.390679,0.759834,0.762219,0.712378,0.180373,0.030801,0.654397,0.628052,0.493935,0.24051,0.42186,0.94351,0.919288,0.727783,0.984276,0.973174,0.976057,1,0.991614,0.969787,0.935497,0.93934,0.970753,0.28247,0.896137,0.96091,0.955225
38.28125,0.636738,0.388215,0.785556,0.683952,0.484461,0.272287,0.786409,0.799998,0.663845,0.056738,0.119651,0.711478,0.423655,0.324012,0.11965,0.376901,0.922551,0.896765,0.76406,0.979418,0.963535,0.970146,1,0.993097,0.963338,0.928188,0.917199,0.97439,0.184696,0.84087,0.955209,0.949401
38.671875,0.685131,0.494264,0.784047,0.720498,0.516248,0.349575,0.813012,0.824573,0.767055,0.277226,0.107068,0.767204,0.582192,0.498245,0.257597,0.595749,0.951103,0.937819,0.784096,0.985101,0.9708,0.977218,1,0.995,0.98063,0.95204,0.929893,0.977551,0.397874,0.883207,0.96112,0.953645
39.0625,0.68621,0.426727,0.813341,0.755845,0.598388,0.424115,0.793186,0.758656,0.726644,0.213434,0.209964,0.759695,0.491505,0.522247,0.274193,0.681072,0.948132,0.942626,0.831329,0.986529,0.96962,0.981561,1,0.995661,0.981782,0.948842,0.933873,0.978455,0.272696,0.881445,0.964077,0.958476
39.453125,0.589029,0.392092,0.664121,0.593569,0.330386,0.282293,0.707431,0.706568,0.692001,0.233154,0.061919,0.615341,0.321059,0.291602,0.134713,0.508864,0.910426,0.889904,0.767844,0.981493,0.948214,0.956761,1,0.99247,0.96719,0.943415,0.88613,0.960361,0.139691,0.798592,0.941961,0.930016
39.84375,0.67268,0.473285,0.729577,0.653958,0.55612,0.306713,0.787254,0.791826,0.714996,0.115002,0.053265,0.694975,0.49707,0.31193,0.259809,0.441543,0.941444,0.923834,0.789089,0.985297,0.9705,0.974,1,0.993279,0.972751,0.944743,0.93618,0.971637,0.250432,0.876424,0.963148,0.956882
40.234375,0.681153,0.401561,0.730954,0.648958,0.564921,0.288736,0.759185,0.805108,0.771321,0.107069,0.083313,0.705861,0.545236,0.456265,0.368499,0.443617,0.957191,0.950367,0.861137,0.987027,0.979257,0.982692,1,0.993989,0.975785,0.953586,0.950854,0.982755,0.403717,0.908557,0.975154,0.96977
40.625,0.671982,0.328396,0.708282,0.59894,0.454359,0.134209,0.745246,0.754859,0.709296,0.105922,0.066086,0.652829,0.431876,0.333047,0.164125,0.423043,0.9495,0.935689,0.829011,0.984538,0.970072,0.97154,1,0.990441,0.969253,0.94721,0.929141,0.972065,0.302142,0.872101,0.965381,0.953996
41.015625,0.728673,0.327911,0.765243,0.658425,0.414379,0.158131,0.813866,0.788656,0.789906,0.219652,0.152526,0.802519,0.495803,0.387656,0.23883,0.622306,0.944559,0.925597,0.834027,0.987335,0.97876,0.976794,1,0.993513,0.97116,0.95181,0.941666,0.977941,0.256363,0.884472,0.972061,0.963688
41.40625,0.747961,0.499479,0.78878,0.705829,0.463588,0.359329,0.834228,0.81841,0.736686,0.115366,0.121094,0.706845,0.536216,0.554769,0.212469,0.400859,0.938166,0.901538,0.862063,0.989513,0.976161,0.980521,1,0.993508,0.971788,0.951131,0.937586,0.977909,0.287422,0.883166,0.968549,0.960853
41.796875,0.723054,0.376456,0.718275,0.600306,0.444523,0.307052,0.762953,0.746997,0.678342,0.111262,0.111242,0.709403,0.422312,0.417039,0.189963,0.500946,0.930191,0.90414,0.859195,0.986614,0.963374,0.967887,1,0.994433,0.978061,0.951884,0.91375,0.970772,0.096962,0.843234,0.955519,0.946984
42.1875,0.559355,0.285538,0.633023,0.476847,0.272437,0.31173,0.649077,0.62309,0.63906,0.194218,0.118356,0.688711,0.240154,0.170703,0.155144,0.364602,0.904737,0.86925,0.850839,0.987252,0.960491,0.958837,1,0.993454,0.972568,0.945518,0.866086,0.960629,0.014131,0.733865,0.935947,0.917938
42.578125,0.51081,0.381875,0.626942,0.49693,0.393144,0.44762,0.665889,0.61727,0.699062,0.299885,0.041724,0.601729,0.355105,0.388313,0.129158,0.307616,0.938884,0.908223,0.837027,0.987831,0.969058,0.971584,1,0.992443,0.976334,0.959548,0.905397,0.96702,0.12474,0.828433,0.950006,0.938559
42.96875,0.736729,0.498277,0.69488,0.560881,0.601185,0.412106,0.760142,0.721629,0.729144,0.188892,0.104562,0.701881,0.333853,0.435915,0.27721,0.45787,0.957447,0.940146,0.857312,0.986482,0.979062,0.98036,1,0.994613,0.982224,0.962964,0.934655,0.97471,0.239287,0.886426,0.963757,0.954685
43.359375,0.788609,0.435206,0.779635,0.685131,0.626167,0.410365,0.807463,0.786455,0.734546,0.129225,0.200591,0.764923,0.430822,0.421114,0.300312,0.553974,0.941534,0.919774,0.865045,0.989183,0.974918,0.973472,1,0.995184,0.971079,0.949881,0.916576,0.977354,0.120017,0.839397,0.960826,0.956221
43.75,0.714901,0.375123,0.724193,0.593048,0.599252,0.308024,0.76378,0.700879,0.71502,0.237269,0.129469,0.741542,0.353374,0.488087,0.362899,0.502276,0.942706,0.919314,0.848665,0.986322,0.977328,0.974632,1,0.993157,0.968409,0.94353,0.926381,0.976479,0.186212,0.864964,0.962424,0.957895
44.140625,0.590751,0.256982,0.684938,0.57532,0.499823,0.187685,0.720587,0.73358,0.672241,0.127384,0.035144,0.700216,0.310763,0.314162,0.193198,0.470565,0.914463,0.899204,0.79183,0.983576,0.973624,0.97311,1,0.992578,0.963628,0.922397,0.920466,0.975783,0.160192,0.852426,0.955749,0.952453
44.53125,0.554334,0.227349,0.587982,0.529977,0.272871,0.248475,0.650608,0.655171,0.653693,0.133054,0.026199,0.575577,0.327313,0.345158,0.11497,0.440039,0.914638,0.894403,0.824319,0.981615,0.97135,0.974449,1,0.991472,0.963757,0.946214,0.928088,0.972967,0.040482,0.853596,0.955037,0.950724
44.921875,0.58709,0.181691,0.651824,0.583178,0.297468,0.377773,0.724921,0.707076,0.733999,0.230394,0.054697,0.610379,0.518657,0.497655,0.147633,0.338295,0.935159,0.906708,0.878266,0.983699,0.97527,0.980424,1,0.989878,0.97325,0.958337,0.931007,0.974045,0.097962,0.872247,0.963662,0.949431
45.3125,0.567475,0.370601,0.688419,0.599818,0.324243,0.356716,0.72548,0.664412,0.660805,0.125358,0.034215,0.646079,0.409613,0.383325,0.129855,0.336313,0.924252,0.905506,0.809783,0.988312,0.970226,0.975287,1,0.990224,0.965778,0.945199,0.908888,0.970507,0.160038,0.836209,0.956756,0.94852
45.703125,0.572244,0.39792,0.613016,0.593306,0.511965,0.389603,0.700735,0.663162,0.686484,0.05091,0.178933,0.694225,0.489814,0.305785,0.145082,0.522141,0.929939,0.903624,0.84082,0.989685,0.979731,0.974425,1,0.993745,0.975556,0.966484,0.917931,0.968997,0.158758,0.854451,0.959679,0.948479
46.09375,0.573444,0.362896,0.609471,0.553856,0.375218,0.326483,0.675242,0.67082,0.647226,0.197577,0.055761,0.663951,0.382729,0.28061,0.110786,0.370411,0.932601,0.898494,0.884515,0.993206,0.979761,0.976671,1,0.994606,0.968072,0.948415,0.923406,0.977117,0.086892,0.847401,0.963732,0.957633
46.484375,0.620578,0.506089,0.73688,0.681145,0.433323,0.430841,0.743802,0.746537,0.678423,0.21292,0.033355,0.639897,0.557387,0.46303,0.088323,0.406169,0.927207,0.903743,0.870413,0.991254,0.977629,0.976045,1,0.99654,0.970696,0.94939,0.92521,0.977752,0.144053,0.856799,0.961147,0.958521
46.875,0.532399,0.168399,0.680062,0.601741,0.526005,0.221226,0.702069,0.703842,0.58879,0.1416,0.122137,0.675299,0.467139,0.358548,0.156902,0.423083,0.911615,0.876714,0.857227,0.981257,0.968011,0.965384,1,0.989758,0.967466,0.940792,0.86969,0.963168,0.02161,0.760835,0.935208,0.925847
47.265625,0.44236,0.162294,0.560329,0.532441,0.29715,0.222124,0.583967,0.607163,0.594156,0.240361,0.020727,0.536632,0.415123,0.372956,0.070124,0.315803,0.909538,0.874088,0.781828,0.981949,0.970618,0.963319,1,0.989908,0.965188,0.934598,0.876687,0.958988,0.089173,0.772994,0.936314,0.925454
47.65625,0.577539,0.146587,0.630403,0.56685,0.331703,0.218166,0.636928,0.627552,0.681047,0.123969,0.075057,0.645671,0.346973,0.28468,0.119374,0.364172,0.932212,0.902512,0.823082,0.988329,0.985227,0.975335,1,0.99355,0.970598,0.954687,0.928011,0.973609,0.140531,0.854096,0.962752,0.952165
48.046875,0.468449,0.248184,0.521383,0.46722,0.278507,0.245673,0.541174,0.560565,0.570095,0.248656,0.013515,0.559273,0.290079,0.391192,0.179144,0.265616,0.881803,0.837361,0.801596,0.986976,0.971533,0.959893,1,0.988975,0.944373,0.932137,0.881912,0.958589,0.007142,0.759887,0.942597,0.927733
48.4375,0.571358,0.50433,0.573926,0.496742,0.299975,0.461382,0.596511,0.613491,0.586434,0.236097,0.002416,0.567434,0.319817,0.255084,0.211206,0.293429,0.897636,0.861966,0.770394,0.986833,0.97594,0.969418,1,0.992937,0.954584,0.942176,0.889553,0.966771,0.02888,0.779467,0.951377,0.939569
48.828125,0.527671,0.248647,0.628266,0.543897,0.28479,0.350577,0.619632,0.610957,0.689571,0.305034,0.01463,0.658332,0.238015,0.237417,0.047857,0.328969,0.907892,0.863404,0.739897,0.986587,0.975701,0.962795,1,0.990437,0.946277,0.922296,0.895411,0.966984,0.085502,0.801678,0.948247,0.94103
49.21875,0.51826,0.181047,0.608986,0.603091,0.317477,0.224245,0.695728,0.653843,0.710778,0.221145,0.073665,0.654417,0.482364,0.323405,0.021377,0.478785,0.898999,0.853294,0.740373,0.988425,0.973383,0.968729,1,0.991245,0.949066,0.924896,0.895704,0.970089,0.15023,0.818852,0.949025,0.944572
49.609375,0.353725,0.161233,0.440964,0.359653,0.169644,0.148634,0.53511,0.526346,0.486066,0.172041,0.067041,0.52695,0.277271,0.243323,0.032143,0.272613,0.785941,0.703983,0.541278,0.972732,0.937486,0.928242,1,0.983494,0.920607,0.89728,0.744318,0.920638,0.017225,0.582128,0.869871,0.857109
50,0.425701,0.242482,0.626315,0.538197,0.338029,0.236131,0.648346,0.628469,0.616083,0.300775,0.012344,0.59235,0.408889,0.258725,0.131629,0.328013,0.888396,0.837426,0.759502,0.981517,0.966552,0.961328,1,0.990166,0.953397,0.92164,0.867948,0.961299,0.033692,0.749557,0.932211,0.929766
50.390625,0.582395,0.223999,0.63663,0.544587,0.274547,0.261332,0.656769,0.64047,0.582829,0.150595,0.015444,0.559125,0.325254,0.168782,0.171779,0.271244,0.867895,0.828277,0.763726,0.98415,0.968783,0.964846,1,0.989623,0.94179,0.911915,0.886154,0.962126,0.15627,0.790834,0.94362,0.927193
50.78125,0.495899,0.130615,0.640931,0.539232,0.222654,0.098732,0.66396,0.648752,0.623435,0.171267,0.005163,0.620351,0.22283,0.186097,0.023449,0.273528,0.833913,0.784001,0.683867,0.983176,0.957504,0.9564,1,0.984826,0.960744,0.927633,0.844107,0.948557,0.067061,0.702991,0.918445,0.896704
51.171875,0.55988,0.117572,0.636942,0.564515,0.545866,0.184949,0.691256,0.650749,0.665838,0.196829,0.105172,0.668869,0.298659,0.261621,0.028129,0.554637,0.882534,0.841737,0.800415,0.987464,0.969113,0.967113,1,0.990576,0.967645,0.93741,0.876831,0.964519,0.009477,0.745691,0.939466,0.926818
51.5625,0.56726,0.223601,0.598049,0.566877,0.457796,0.297625,0.634744,0.602666,0.652272,0.234362,0.079926,0.533787,0.380929,0.319025,0.109398,0.430725,0.866131,0.816659,0.667591,0.987818,0.963659,0.965719,1,0.988297,0.945068,0.918548,0.867332,0.952118,0.04869,0.758654,0.931528,0.914921
51.953125,0.483489,0.104777,0.623919,0.575469,0.326771,0.347276,0.651902,0.566208,0.637019,0.248775,0.040533,0.550994,0.520632,0.453687,0.059733,0.460049,0.843845,0.801141,0.674586,0.97684,0.954675,0.969687,1,0.988229,0.934579,0.897032,0.876947,0.949528,0.05216,0.759106,0.931472,0.924515
52.34375,0.489071,0.074124,0.52731,0.478834,0.340992,0.127021,0.592256,0.521692,0.522227,0.128696,0.019189,0.568259,0.377397,0.224434,0.141183,0.355313,0.854888,0.792893,0.625257,0.97383,0.948342,0.96213,1,0.986704,0.927067,0.870676,0.858625,0.947186,0.057025,0.728877,0.929811,0.912362
52.734375,0.497304,0.03783,0.509463,0.482091,0.283307,0.055169,0.561325,0.508206,0.483075,0.162091,0.00727,0.587786,0.297662,0.140597,0.090145,0.370277,0.85072,0.773278,0.607205,0.974334,0.95993,0.954195,1,0.98661,0.939264,0.911563,0.809638,0.945325,0.012878,0.682325,0.914962,0.905025
53.125,0.561168,0.127038,0.609192,0.548501,0.265647,0.337254,0.617035,0.557892,0.564292,0.179264,0.02133,0.573541,0.371713,0.248521,0.062325,0.265037,0.865273,0.806153,0.741935,0.98041,0.963584,0.951962,1,0.988359,0.958845,0.936203,0.840618,0.947859,0.035627,0.717695,0.918877,0.906925
53.515625,0.386154,0.149811,0.573324,0.416354,0.248803,0.283525,0.569244,0.515201,0.579641,0.160556,0.084355,0.4379,0.28868,0.162329,0.061257,0.307515,0.827468,0.769895,0.701568,0.976048,0.951734,0.943679,1,0.983848,0.95271,0.930196,0.81232,0.939839,0.007878,0.67061,0.904621,0.891556
53.90625,0.447764,0.038765,0.560229,0.483341,0.461126,0.240558,0.541278,0.491239,0.608928,0.02885,0.150824,0.534437,0.21827,0.139633,0.106332,0.445703,0.79332,0.71186,0.722449,0.983811,0.954781,0.954531,1,0.986865,0.966974,0.941395,0.807494,0.943441,0.039095,0.665788,0.906314,0.897194
54.296875,0.425977,0.046671,0.560535,0.428995,0.435812,0.153985,0.486912,0.428467,0.390557,0.143038,0.028184,0.477152,0.233547,0.2101,0.088889,0.310309,0.704562,0.619372,0.611583,0.979588,0.943515,0.940891,1,0.978351,0.954778,0.923907,0.729012,0.91304,0.019383,0.53763,0.866367,0.847152
54.6875,0.349421,0.072357,0.591912,0.513105,0.289961,0.119814,0.485461,0.468773,0.503945,0.150256,0.047831,0.464189,0.204397,0.280902,0.003384,0.229597,0.744708,0.676765,0.63794,0.981256,0.926774,0.931833,1,0.981865,0.935827,0.902913,0.767034,0.920633,0.001448,0.59648,0.872181,0.866611
55.078125,0.3495,0.055559,0.490816,0.363745,0.160097,0.151526,0.487004,0.459228,0.594447,0.063472,0.033678,0.436517,0.347805,0.138405,0.021618,0.193796,0.821758,0.76786,0.755655,0.981911,0.955553,0.963539,1,0.988991,0.946388,0.927282,0.827123,0.944311,0.024063,0.69779,0.911665,0.90621
55.46875,0.24694,0.032935,0.475956,0.310454,0.276081,0.06392,0.48378,0.457337,0.524337,0.088606,0.002057,0.424793,0.186058,0.066999,0.044555,0.167584,0.75252,0.677233,0.626023,0.976113,0.949605,0.944845,1,0.983373,0.921646,0.87828,0.787869,0.929832,0.035417,0.646635,0.887885,0.876652
55.859375,0.297149,0.101015,0.391053,0.247728,0.172917,0.044878,0.391626,0.358075,0.475545,0.171186,0.026248,0.394226,0.166558,0.068708,0.04395,0.239273,0.71631,0.614354,0.653941,0.985652,0.950192,0.942379,1,0.981152,0.930439,0.943097,0.751447,0.923877,0.071253,0.516526,0.876212,0.869804
56.25,0.251141,0.05029,0.380521,0.247577,0.218367,0.075756,0.334706,0.306091,0.47683,0.037841,0.096335,0.400538,0.243943,0.095133,0.051775,0.184768,0.713069,0.617749,0.724814,0.983241,0.943952,0.935788,1,0.984967,0.94477,0.939879,0.740774,0.926867,0.106667,0.476815,0.877995,0.861392
56.640625,0.293371,0.001736,0.471897,0.358512,0.160769,0.052584,0.494007,0.483551,0.590817,0.209602,0.137645,0.48995,0.32521,0.123753,0.03276,0.3854,0.822055,0.766333,0.654596,0.982116,0.962762,0.954324,1,0.98398,0.930143,0.913924,0.826719,0.942262,0.038412,0.696497,0.915161,0.891317
57.03125,0.324713,0.047401,0.490817,0.381089,0.245082,0.114266,0.50162,0.515016,0.547407,0.241602,0.01864,0.484165,0.325067,0.159375,0.031915,0.361435,0.848489,0.804764,0.674119,0.981673,0.966179,0.961154,1,0.988537,0.952174,0.920766,0.842186,0.947976,0.094629,0.73426,0.921045,0.910695
57.421875,0.30978,0.115055,0.540255,0.424483,0.4225,0.181959,0.558886,0.511193,0.628096,0.068953,0.030392,0.518489,0.445063,0.157652,0.038103,0.299233,0.82148,0.766887,0.674168,0.982246,0.95437,0.948652,1,0.985815,0.94624,0.916915,0.794596,0.93817,0.037112,0.660897,0.894036,0.891705
57.8125,0.29382,0.079742,0.369176,0.282043,0.104223,0.202042,0.410933,0.401909,0.497758,0.128376,0.074042,0.33498,0.207623,0.167618,0.015213,0.060569,0.774469,0.666564,0.684085,0.976682,0.95865,0.966391,1,0.983036,0.938615,0.914455,0.807871,0.931751,0.002659,0.670961,0.898827,0.889494
58.203125,0.397565,0.070483,0.321414,0.227239,0.235124,0.156605,0.358617,0.304174,0.284928,0.062923,0.012514,0.19386,0.077534,0.09643,0.08443,0.114947,0.691777,0.574789,0.639754,0.971486,0.944883,0.945271,1,0.979867,0.932104,0.902786,0.706336,0.913059,0.053349,0.494199,0.856772,0.852105
58.59375,0.396355,0.248779,0.517126,0.420253,0.30706,0.381954,0.4551,0.389799,0.57255,0.219153,0.080981,0.587699,0.282351,0.140812,0.048433,0.367752,0.783065,0.727954,0.643719,0.976982,0.948311,0.953294,1,0.986333,0.947874,0.925924,0.771272,0.938559,0.002085,0.606073,0.887455,0.879519
58.984375,0.259128,0.026588,0.359254,0.293172,0.251261,0.115117,0.394921,0.344536,0.444043,0.069813,0.024806,0.408731,0.111116,0.10136,0.010363,0.214914,0.734521,0.643077,0.746769,0.981289,0.942136,0.946116,1,0.983663,0.93539,0.913822,0.728839,0.918002,0.10316,0.525734,0.866006,0.86019
59.375,0.309276,0.022735,0.370528,0.270988,0.181489,0.102399,0.410709,0.330267,0.350377,0.107946,0.003612,0.371842,0.070641,0.1366,0.020484,0.256418,0.814697,0.741113,0.753397,0.975879,0.956829,0.953387,1,0.984871,0.951573,0.899298,0.822781,0.94073,0.00901,0.653806,0.914071,0.906595
59.765625,0.302768,0.036981,0.234573,0.119239,0.055738,0.210027,0.294342,0.274777,0.201664,0.024537,0.041263,0.239612,0.063385,0.072,0.014233,0.070178,0.743961,0.644457,0.718605,0.969121,0.928986,0.924193,1,0.983926,0.926914,0.894822,0.730803,0.925328,0.031398,0.495273,0.866323,0.844867
60.15625,0.125536,0.003512,0.282438,0.164673,0.172218,0.0656,0.217071,0.220585,0.053007,0.035724,0.041744,0.055325,0.083558,0.079498,0.047216,0.030442,0.61672,0.495081,0.702649,0.967274,0.908042,0.924184,1,0.979209,0.92658,0.886494,0.660791,0.905949,0.062908,0.40957,0.832981,0.791363
60.546875,0.282752,0.02395,0.338433,0.250968,0.300271,0.066586,0.35723,0.270557,0.317696,0.013108,0.09649,0.412595,0.041762,0.021859,0.117314,0.181117,0.68094,0.593846,0.722216,0.970831,0.92741,0.946301,1,0.98491,0.940041,0.918795,0.72284,0.904159,0.090777,0.494227,0.868277,0.839082
60.9375,0.356206,0.033053,0.247112,0.109241,0.115532,0.125389,0.221491,0.172132,0.348934,0.004618,0.166863,0.412579,0.099982,0.028699,0.263511,0.336104,0.674334,0.540813,0.763059,0.970505,0.938783,0.928307,1,0.98105,0.920621,0.89748,0.732084,0.900559,0.195942,0.472352,0.860883,0.833188
61.328125,0.306508,0.051519,0.235501,0.160931,0.207205,0.069098,0.264842,0.285825,0.342565,0.012334,0.04312,0.354299,0.096329,0.031683,0.29386,0.29448,0.64116,0.471336,0.73945,0.967892,0.918673,0.907354,1,0.976973,0.938429,0.908524,0.643627,0.863506,0.073189,0.394128,0.806605,0.79388
61.71875,0.122123,0.025113,0.208826,0.17038,0.220943,0.010997,0.19841,0.255271,0.166078,0.065391,0.034722,0.180921,0.106148,0.156033,0.107203,0.148411,0.589773,0.456143,0.75403,0.962082,0.902704,0.905523,1,0.977725,0.930621,0.893574,0.557033,0.865188,0.183285,0.31222,0.773238,0.746143
62.109375,0.258013,0.042326,0.292138,0.196484,0.100233,0.0387,0.336375,0.310556,0.331972,0.082515,0.065335,0.260016,0.094735,0.034202,0.074525,0.218091,0.679311,0.540951,0.778977,0.976239,0.951392,0.937084,1,0.984,0.929647,0.907802,0.683249,0.920544,0.175735,0.401007,0.860116,0.853583
62.5,0.348188,0.010469,0.467559,0.332461,0.154781,0.020699,0.520251,0.437138,0.317879,0.127844,0.030844,0.431611,0.165533,0.064212,0.024914,0.103602,0.739358,0.608129,0.804753,0.98007,0.944024,0.927775,1,0.985949,0.947017,0.93443,0.702048,0.922109,0.118046,0.449709,0.870013,0.850985
62.890625,0.290508,0.029527,0.243489,0.211272,0.086554,0.010023,0.36259,0.287625,0.282213,0.073715,0.023288,0.368384,0.123003,0.049832,0.058795,0.136459,0.797026,0.679648,0.808456,0.980354,0.955768,0.948279,1,0.988454,0.924944,0.899469,0.801526,0.949044,0.037146,0.609796,0.907323,0.883003
63.28125,0.394421,0.01329,0.339535,0.251886,0.084938,0.013398,0.34251,0.274476,0.363577,0.047121,0.022367,0.443488,0.147797,0.091108,0.091581,0.267542,0.726914,0.61743,0.723931,0.974166,0.93682,0.935736,1,0.986991,0.937335,0.903809,0.753084,0.932231,0.057726,0.519248,0.878289,0.866592
63.671875,0.470476,0.00406,0.389884,0.235855,0.191029,0.000963,0.42729,0.442243,0.363914,0.016336,0.086067,0.423041,0.164441,0.012766,0.237334,0.21283,0.777612,0.682917,0.775076,0.985418,0.948344,0.954385,1,0.986273,0.95035,0.921435,0.814298,0.93437,0.06584,0.625849,0.904594,0.887069
64.0625,0.139634,0.044097,0.339296,0.187511,0.139458,0.104534,0.346578,0.348991,0.380335,0.093504,0.036117,0.263773,0.221127,0.092491,0.049672,0.074579,0.765883,0.676318,0.80915,0.976323,0.950265,0.94902,1,0.988193,0.935144,0.918061,0.746399,0.918152,0.167956,0.559366,0.871424,0.848546
64.453125,0.27208,0.059379,0.373762,0.306785,0.122572,0.153452,0.395635,0.328306,0.378034,0.058913,0.031449,0.357457,0.28119,0.034333,0.02655,0.137455,0.753265,0.660098,0.769343,0.971842,0.938343,0.950523,1,0.989281,0.917844,0.883316,0.742346,0.917676,0.068134,0.520409,0.861659,0.847047
64.84375,0.276515,0.020208,0.31373,0.219176,0.132407,0.088183,0.398877,0.413575,0.445876,0.135104,0.045037,0.382644,0.210258,0.056505,0.033355,0.156386,0.745911,0.658783,0.795641,0.972926,0.929312,0.928574,1,0.986376,0.917171,0.910798,0.734845,0.919757,0.113663,0.497288,0.868327,0.855476
65.234375,0.25519,0.009611,0.138922,0.134519,0.066041,0.030019,0.195365,0.23642,0.275768,0.061707,0.047308,0.304401,0.086608,0.049011,0.073444,0.249649,0.744153,0.641576,0.802266,0.959869,0.925567,0.912542,1,0.982536,0.935818,0.898151,0.706636,0.890718,0.154833,0.428904,0.844011,0.816325
65.625,0.097907,0.019068,0.151809,0.060693,0.114297,0.033868,0.185617,0.209822,0.184084,0.030696,0.082458,0.118415,0.060509,0.038425,0.097941,0.110479,0.754964,0.637722,0.714386,0.963521,0.919959,0.917182,1,0.979145,0.896529,0.852526,0.664817,0.875572,0.052309,0.378522,0.817287,0.777926
66.015625,0.131291,0.120488,0.149313,0.125966,0.105857,0.177603,0.144488,0.108099,0.109497,0.099553,0.060064,0.158077,0.069037,0.056397,0.020745,0.110515,0.65498,0.511262,0.722756,0.97503,0.899666,0.904542,1,0.969715,0.896691,0.844684,0.689762,0.881808,0.050826,0.454019,0.830683,0.810419
66.40625,0.194369,0.028091,0.295047,0.138411,0.104933,0.041196,0.274795,0.181797,0.237637,0.134076,0.007018,0.330518,0.081338,0.087131,0.092483,0.078432,0.648383,0.517729,0.733497,0.966487,0.933903,0.919738,1,0.972003,0.916735,0.859291,0.696105,0.88851,0.016598,0.409493,0.844324,0.792478
66.796875,0.414901,0.027387,0.372533,0.201252,0.149735,0.035715,0.405629,0.430714,0.45548,0.049985,0.054239,0.321406,0.115558,0.029791,0.061702,0.125707,0.699853,0.625714,0.775991,0.974215,0.909444,0.918697,1,0.977071,0.93168,0.882852,0.672537,0.89672,0.075944,0.417774,0.840462,0.824956
67.1875,0.194825,0.021505,0.344714,0.288073,0.128056,0.057643,0.431473,0.396337,0.356659,0.086084,0.026036,0.196323,0.224511,0.031776,0.027247,0.055742,0.763448,0.63762,0.812447,0.979959,0.935091,0.932957,1,0.982313,0.938442,0.919551,0.705725,0.9298,0.08159,0.457714,0.870723,0.862059
67.578125,0.192071,0.023538,0.284157,0.209,0.106975,0.070526,0.372661,0.346906,0.39894,0.06454,0.057666,0.202233,0.230699,0.06291,0.181455,0.040223,0.753876,0.638379,0.799777,0.978487,0.94631,0.9266,1,0.9831,0.932533,0.9072,0.742303,0.935773,0.100101,0.495122,0.886196,0.880224
67.96875,0.216654,0.068178,0.215286,0.155117,0.142628,0.052334,0.273579,0.259526,0.29396,0.020593,0.058349,0.163762,0.027178,0.023617,0.058229,0.129973,0.700061,0.522271,0.791054,0.96959,0.930709,0.924039,1,0.979572,0.912386,0.885584,0.6923,0.903984,0.190335,0.438615,0.84589,0.812381
68.359375,0.418817,0.015184,0.408885,0.274791,0.312757,0.029018,0.461261,0.469796,0.342718,0.006561,0.010646,0.286905,0.06737,0.036556,0.060729,0.185064,0.761269,0.612459,0.83285,0.967043,0.945179,0.943592,1,0.983029,0.914406,0.898227,0.763576,0.92214,0.132918,0.58536,0.884506,0.860246
68.75,0.351066,0.054363,0.299725,0.259265,0.242557,0.037211,0.39838,0.319213,0.397837,0.083877,0.056029,0.378098,0.151916,0.016284,0.182869,0.199691,0.755368,0.661908,0.71028,0.972597,0.943056,0.903414,1,0.982025,0.897789,0.85323,0.737881,0.912108,0.01896,0.542679,0.851302,0.851761
69.140625,0.148465,0.002714,0.262199,0.155997,0.159492,0.060447,0.242352,0.201148,0.295611,0.135998,0.137887,0.248516,0.070785,0.045669,0.112917,0.166286,0.597212,0.475256,0.728005,0.965174,0.916892,0.919022,1,0.975131,0.878919,0.814388,0.668426,0.870619,0.051804,0.465759,0.81459,0.790802
69.53125,0.158176,0.001641,0.140103,0.095789,0.062025,0.01945,0.208209,0.178909,0.272122,0.052286,0.090458,0.240216,0.17829,0.024254,0.075475,0.185629,0.687188,0.556821,0.845336,0.976448,0.903222,0.904171,1,0.980173,0.925984,0.856697,0.691778,0.9051,0.112218,0.429561,0.853392,0.810019
69.921875,0.249629,0.029876,0.383091,0.257658,0.177456,0.053537,0.35225,0.280452,0.396971,0.054582,0.019815,0.384812,0.10901,0.058576,0.035198,0.178272,0.809458,0.697125,0.857465,0.980941,0.954226,0.939002,1,0.985932,0.954596,0.885871,0.783228,0.950823,0.11784,0.536711,0.901846,0.886693
70.3125,0.257151,0.05423,0.190056,0.108257,0.101511,0.042537,0.200979,0.199563,0.168275,0.044365,0.085392,0.285952,0.014637,0.065967,0.140473,0.164904,0.672999,0.507908,0.772801,0.96598,0.925262,0.875393,1,0.971339,0.919662,0.804067,0.643061,0.888748,0.057246,0.35975,0.832614,0.8058
70.703125,0.1196,0.000964,0.1724,0.03198,0.094661,0.028965,0.185718,0.106008,0.285215,0.004861,0.057668,0.29844,0.104178,0.007524,0.09191,0.120683,0.686254,0.568697,0.709378,0.960911,0.899565,0.901183,1,0.973415,0.919825,0.868411,0.634612,0.88583,0.076809,0.407943,0.803899,0.796924
71.09375,0.246897,0.005772,0.289345,0.153943,0.08505,0.089106,0.310954,0.273472,0.391173,0.016277,0.117126,0.303707,0.119569,0.052843,0.028881,0.172154,0.703952,0.632057,0.724326,0.963159,0.91005,0.920659,1,0.984388,0.934841,0.897687,0.662562,0.915321,0.041092,0.457453,0.821262,0.820047
71.484375,0.193701,0.049607,0.192183,0.115796,0.10493,0.132897,0.212404,0.183643,0.226636,0.03662,0.15097,0.280562,0.229293,0.035269,0.012321,0.268006,0.767943,0.659707,0.816904,0.965308,0.962231,0.944354,1,0.982269,0.941793,0.883084,0.787571,0.933426,0.011338,0.625957,0.891896,0.863265
71.875,0.154838,0.009518,0.215269,0.127617,0.129555,0.012322,0.258762,0.210497,0.367454,0.021986,0.037699,0.324882,0.193384,0.093201,0.028717,0.268468,0.722099,0.599287,0.749963,0.972956,0.936206,0.920448,1,0.9781,0.935655,0.882365,0.741808,0.907427,0.022467,0.561098,0.866831,0.833143
72.265625,0.206254,0.055709,0.268695,0.107689,0.00745,0.097015,0.272702,0.264116,0.4783,0.00561,0.03393,0.174735,0.133122,0.077712,0.061548,0.171484,0.749615,0.651918,0.768697,0.973481,0.924866,0.918967,1,0.984442,0.941027,0.888521,0.687103,0.897063,0.012782,0.498547,0.82563,0.809646
72.65625,0.142146,0.014538,0.112919,0.065366,0.051116,0.019216,0.072743,0.078449,0.194691,0.00211,0.117377,0.156917,0.10884,0.014019,0.034452,0.164458,0.753099,0.652671,0.760987,0.965989,0.906457,0.908978,1,0.9742,0.918389,0.859586,0.660481,0.876087,0.074069,0.426293,0.813488,0.765008
73.046875,0.25531,0.033962,0.178999,0.057274,0.083012,0.030505,0.161909,0.143452,0.235386,0.007029,0.0947,0.338296,0.065247,0.018861,0.049274,0.08575,0.739941,0.661368,0.79187,0.974157,0.935343,0.941731,1,0.981031,0.912145,0.859193,0.739493,0.92283,0.126906,0.509576,0.888127,0.853849
73.4375,0.061114,0.047326,0.084974,0.124659,0.02093,0.020974,0.122319,0.050076,0.154299,0.020337,0.001141,0.131556,0.019508,0.01596,0.11055,0.021139,0.675352,0.541235,0.797863,0.973211,0.894972,0.885386,1,0.976432,0.919984,0.8858,0.634051,0.900212,0.178825,0.343486,0.839477,0.809483
73.828125,0.217214,0.073426,0.304864,0.15918,0.119773,0.075562,0.252186,0.257881,0.385871,0.053137,0.029726,0.255543,0.086983,0.003202,0.101808,0.174208,0.697256,0.566963,0.681334,0.960584,0.921889,0.906593,1,0.975213,0.906458,0.867664,0.655722,0.887218,0.076341,0.434125,0.818555,0.806068
74.21875,0.153136,0.028209,0.22661,0.013573,0.112319,0.009918,0.216645,0.245562,0.458987,0.020042,0.031928,0.302814,0.083862,0.045685,0.119068,0.267267,0.773008,0.674958,0.783689,0.966253,0.940796,0.927295,1,0.966606,0.933399,0.869057,0.79251,0.916546,0.043333,0.620995,0.89961,0.876478
74.609375,0.146287,0.004815,0.399197,0.219502,0.148262,0.069847,0.301325,0.26357,0.407119,0.123225,0.033561,0.260532,0.228806,0.127324,0.102793,0.123347,0.714566,0.598219,0.782756,0.955267,0.91194,0.895001,1,0.969528,0.887956,0.822669,0.69658,0.889509,0.076613,0.452945,0.838782,0.808238
75,0.161049,0.042051,0.205458,0.106999,0.165198,0.089761,0.139764,0.150195,0.365267,0.04662,0.065731,0.219571,0.10984,0.031549,0.320015,0.194976,0.687006,0.551752,0.709611,0.937896,0.887992,0.852644,1,0.962569,0.873183,0.823035,0.643548,0.877463,0.17068,0.379802,0.818496,0.769828
75.390625,0.325696,0.02768,0.234136,0.156518,0.168583,0.027205,0.322368,0.295869,0.346797,0.0754,0.015075,0.295457,0.093666,0.048807,0.118421,0.069398,0.7535,0.586948,0.776043,0.966046,0.900289,0.868399,1,0.976698,0.891677,0.852011,0.671487,0.898935,0.166306,0.409947,0.84714,0.821259
75.78125,0.213646,0.021556,0.231044,0.133382,0.171478,0.070085,0.250886,0.30895,0.172855,0.017162,0.009828,0.164414,0.01987,0.055396,0.052037,0.026788,0.69009,0.573273,0.670675,0.946242,0.861452,0.909032,1,0.972301,0.873976,0.767993,0.635921,0.869127,0.098344,0.442212,0.810222,0.781335
76.171875,0.129332,0.011314,0.083523,0.058707,0.153694,0.008043,0.119683,0.150287,0.098216,0.02905,0.048273,0.102516,0.033953,0.002042,0.06061,0.028272,0.565354,0.374807,0.801003,0.961499,0.865805,0.862517,1,0.970608,0.862431,0.766631,0.51618,0.82972,0.081781,0.245041,0.74259,0.679132
76.5625,0.19091,0.017922,0.103367,0.026542,0.060455,0.016783,0.106126,0.092922,0.111625,0.033881,0.055418,0.079599,0.013573,0.009543,0.096586,0.045018,0.574761,0.39941,0.817779,0.962279,0.850173,0.856583,1,0.971423,0.88766,0.847237,0.50798,0.849172,0.176896,0.24952,0.743129,0.725856
76.953125,0.107866,0.020344,0.20314,0.131276,0.178077,0.016455,0.232458,0.217632,0.123154,0.107558,0.043944,0.104887,0.052321,0.017547,0.024069,0.158884,0.544118,0.456445,0.757155,0.948586,0.842487,0.823074,1,0.964833,0.8625,0.824938,0.499102,0.802952,0.251071,0.281252,0.699451,0.684417
77.34375,0.048166,0.00395,0.110197,0.040426,0.033654,0.014239,0.093234,0.121514,0.193428,0.052827,0.001787,0.058344,0.039735,0.060036,0.022617,0.041677,0.526331,0.378819,0.756142,0.955694,0.802922,0.797512,1,0.965444,0.893811,0.826144,0.431084,0.814389,0.143422,0.18204,0.661268,0.654965
77.734375,0.040608,0.106034,0.165759,0.051838,0.116273,0.064225,0.102202,0.09526,0.255044,0.003975,0.004741,0.080997,0.03679,0.060875,0.020114,0.002766,0.612578,0.494952,0.760536,0.965758,0.841949,0.82792,1,0.975309,0.899086,0.849736,0.523461,0.842423,0.137974,0.29193,0.738126,0.690702
78.125,0.062967,0.02061,0.155433,0.072201,0.113955,0.004407,0.167568,0.07407,0.115214,0.023158,0.009391,0.200608,0.134009,0.0028,0.035704,0.052689,0.75319,0.666893,0.788922,0.941595,0.918896,0.890876,1,0.974627,0.867928,0.797217,0.654006,0.887265,0.055294,0.458049,0.816392,0.794781
78.515625,0.060689,0.078643,0.147533,0.086506,0.051581,0.110618,0.144747,0.099335,0.250808,0.065527,0.019337,0.168261,0.113587,0.038357,0.030497,0.021078,0.720939,0.645999,0.745878,0.958111,0.92877,0.901811,1,0.976699,0.859251,0.806691,0.739853,0.909769,0.090161,0.561248,0.865339,0.834829
78.90625,0.132134,0.089326,0.132152,0.053029,0.045838,0.195824,0.192547,0.064227,0.168983,0.135135,0.01412,0.149145,0.111018,0.086925,0.004959,0.094222,0.779921,0.69598,0.738725,0.959435,0.91511,0.889688,1,0.97096,0.847779,0.773648,0.712486,0.893707,0.157791,0.524622,0.85353,0.829839
79.296875,0.19387,0.015713,0.145244,0.093994,0.095019,0.049928,0.239584,0.179862,0.20662,0.070707,0.014783,0.237054,0.034812,0.016794,0.028118,0.070242,0.684625,0.545179,0.839415,0.942916,0.898276,0.902315,1,0.974823,0.88531,0.768242,0.664258,0.881716,0.130879,0.435377,0.834396,0.787358
79.6875,0.050501,0.087136,0.156401,0.06812,0.131833,0.040245,0.208441,0.234963,0.199814,0.013989,0.00042,0.189563,0.116361,0.017082,0.017764,0.069765,0.611212,0.458563,0.76397,0.951446,0.870175,0.867112,1,0.967047,0.876772,0.792099,0.594858,0.838608,0.103174,0.367135,0.767516,0.697693
80.078125,0.068989,0.16177,0.095211,0.068987,0.122106,0.114195,0.100335,0.140689,0.039082,0.061016,0.001692,0.044304,0.017909,0.153805,0.037773,0.028923,0.679039,0.616549,0.719633,0.923391,0.849977,0.873842,1,0.972161,0.826704,0.749806,0.567903,0.821386,0.172505,0.359014,0.757875,0.673816
80.46875,0.201947,0.020008,0.15435,0.069737,0.156986,0.069338,0.161187,0.1025,0.126981,0.02489,0.049705,0.233705,0.023966,0.00764,0.032604,0.188302,0.734812,0.63306,0.690022,0.950888,0.882113,0.872794,1,0.976027,0.865838,0.797175,0.655525,0.864437,0.014196,0.462593,0.795261,0.76561
80.859375,0.15052,0.022099,0.066089,0.020594,0.036582,0.060085,0.058817,0.076056,0.079687,0.001907,0.028037,0.076473,0.014308,0.005598,0.002791,0.136823,0.542869,0.349919,0.713756,0.952251,0.810416,0.825934,1,0.96322,0.817399,0.760994,0.451317,0.802393,0.199243,0.189561,0.683505,0.633659
81.25,0.1135,0.100647,0.057611,0.023379,0.01406,0.193967,0.052968,0.038749,0.075404,0.009289,0.016343,0.112921,0.012476,0.014716,0.02969,0.080141,0.508969,0.377431,0.784194,0.950207,0.841838,0.83274,1,0.966107,0.83398,0.783096,0.47716,0.802183,0.112851,0.185547,0.671141,0.671192
81.640625,0.193557,0.073727,0.031186,0.044726,0.043306,0.154079,0.045762,0.022991,0.061053,0.027706,0.056269,0.075625,0.002189,0.01452,0.021866,0.041048,0.665043,0.534979,0.789619,0.960304,0.863092,0.848148,1,0.963806,0.858641,0.814286,0.578394,0.87404,0.078097,0.30742,0.760679,0.75995
82.03125,0.036454,0.022489,0.009516,0.018388,0.002212,0.002549,0.035085,0.052724,0.09812,0.01294,0.004308,0.064154,0.028259,0.001351,0.002256,0.031652,0.649929,0.548468,0.790538,0.959059,0.842316,0.874875,1,0.965881,0.904057,0.853381,0.582336,0.845543,0.108894,0.369748,0.766657,0.710633
82.421875,0.069847,0.058858,0.052572,0.052549,0.019054,0.035559,0.03962,0.03979,0.073455,0.029295,0.047508,0.051213,0.039479,0.00533,0.049311,0.023579,0.580307,0.565191,0.762895,0.951077,0.839269,0.888431,1,0.958315,0.838157,0.770384,0.566913,0.865271,0.097851,0.315129,0.761479,0.745478
82.8125,0.038256,0.030577,0.050728,0.015165,0.004297,0.031747,0.047086,0.024166,0.099825,0.023468,0.006861,0.053633,0.01453,0.013966,0.000546,0.079204,0.621137,0.54921,0.726442,0.944281,0.833187,0.846715,1,0.956333,0.887015,0.811784,0.524556,0.847904,0.043616,0.277538,0.743616,0.718355
83.203125,0.01629,0.009626,0.043636,0.018826,0.020033,0.014151,0.07746,0.037379,0.113704,0.028632,0.007985,0.030695,0.05431,0.014104,0.0399,0.042648,0.553017,0.392304,0.701573,0.906351,0.778183,0.765669,1,0.944253,0.767351,0.600559,0.376235,0.781556,0.076023,0.147782,0.61657,0.614667
83.59375,0.05842,0.039556,0.125858,0.07908,0.073046,0.010673,0.166969,0.087778,0.149564,0.04171,0.007701,0.028342,0.05585,0.016489,0.031846,0.051397,0.687473,0.558007,0.776245,0.922822,0.8551,0.847824,1,0.966082,0.837846,0.772396,0.528856,0.858204,0.126118,0.270791,0.749669,0.754168
83.984375,0.076811,0.03602,0.04179,0.018653,0.119424,0.089013,0.119202,0.058116,0.146698,0.020034,0.027015,0.077824,0.056003,0.052581,0.184407,0.04497,0.705014,0.537904,0.715407,0.928829,0.873996,0.856181,1,0.958518,0.884507,0.791772,0.580742,0.857492,0.079218,0.318073,0.799179,0.786821
84.375,0.016982,0.047906,0.007289,0.069268,0.006727,0.051824,0.020107,0.011713,0.136934,0.018186,0.047481,0.033208,0.105912,0.033486,0.079849,0.049603,0.594344,0.433508,0.756831,0.913119,0.85527,0.794158,1,0.952162,0.791014,0.710724,0.457413,0.80771,0.121855,0.224407,0.735933,0.706747
84.765625,0.034283,0.003061,0.012916,0.064207,0.00991,0.013023,0.010406,0.003491,0.012621,0.03189,0.025879,0.155445,0.065402,0.035255,0.01603,0.08113,0.507133,0.43348,0.682853,0.883737,0.795648,0.744812,1,0.942316,0.771245,0.810917,0.469434,0.821177,0.11566,0.169701,0.700827,0.663961
85.15625,0.049578,0.01005,0.012372,0.016353,0.141717,0.01315,0.01843,0.017924,0.105038,0.045925,0.060933,0.058695,0.083412,0.056286,0.084115,0.029526,0.516313,0.41914,0.747398,0.931837,0.811118,0.789102,1,0.958473,0.754494,0.696842,0.454641,0.808548,0.060074,0.212706,0.699429,0.62479
85.546875,0.068633,0.005052,0.078926,0.057063,0.052625,0.007872,0.099768,0.116677,0.230403,0.012341,0.038415,0.118704,0.09518,0.063038,0.087532,0.049811,0.448626,0.329193,0.736987,0.928749,0.780877,0.740444,1,0.943239,0.717643,0.746293,0.420811,0.821777,0.199834,0.144793,0.694117,0.634247
85.9375,0.098125,0.02598,0.185023,0.152394,0.167985,0.024325,0.073763,0.096739,0.108988,0.016704,0.055849,0.124705,0.05559,0.0119,0.055596,0.026092,0.532512,0.489604,0.660944,0.937591,0.786762,0.757658,1,0.934686,0.755653,0.775869,0.494332,0.815866,0.130653,0.271511,0.691199,0.6603
86.328125,0.174203,0.048833,0.077323,0.040809,0.135274,0.078712,0.053205,0.02488,0.010651,0.001912,0.048095,0.092953,0.000328,0.013179,0.041315,0.04037,0.633308,0.58835,0.737598,0.931522,0.820167,0.837988,1,0.944207,0.821949,0.691302,0.598656,0.828711,0.027999,0.379162,0.773933,0.703478
86.71875,0.064059,0.017637,0.002225,0.008234,0.040064,0.012109,0.011038,0.029421,0.076289,0.015931,0.137888,0.130616,0.010858,0.028522,0.079151,0.26132,0.634778,0.554648,0.774378,0.918436,0.812889,0.851598,1,0.953178,0.819485,0.676729,0.584894,0.86598,0.082594,0.350976,0.770697,0.714179
87.109375,0.019761,0.00542,0.015478,0.038325,0.021305,0.027506,0.00777,0.018839,0.089308,0.039411,0.098368,0.097805,0.019771,0.054866,0.046902,0.076254,0.681891,0.531591,0.674214,0.880831,0.817536,0.85456,1,0.95843,0.762273,0.59892,0.527629,0.835317,0.02886,0.329015,0.743504,0.66614
87.5,0.065927,0.138924,0.08482,0.063679,0.022351,0.091812,0.132746,0.078351,0.147293,0.080157,0.054927,0.188721,0.013055,0.016264,0.045018,0.094918,0.6713,0.516009,0.778298,0.920209,0.865914,0.831604,1,0.9445,0.805606,0.691153,0.59511,0.854814,0.138097,0.368482,0.815803,0.739395
87.890625,0.052756,0.041202,0.191073,0.195116,0.011617,0.092635,0.181293,0.096873,0.222476,0.133655,0.011246,0.119653,0.092093,0.098869,0.036039,0.008174,0.556737,0.57404,0.765164,0.903885,0.794067,0.787754,1,0.951229,0.775213,0.699555,0.527914,0.828522,0.034812,0.297428,0.740394,0.660813
88.28125,0.014176,0.00627,0.010437,0.028069,0.064163,0.006648,0.052764,0.051333,0.161306,0.035742,0.029759,0.096878,0.037796,0.032546,0.017115,0.085656,0.712225,0.607281,0.771102,0.946938,0.836588,0.841573,1,0.96746,0.80479,0.758456,0.642277,0.866979,0.082219,0.359652,0.800294,0.757903
88.671875,0.021701,0.016341,0.012282,0.009595,0.156166,0.014671,0.019363,0.025831,0.088205,0.120636,0.085729,0.058783,0.024141,0.074665,0.070669,0.047142,0.622866,0.454279,0.82374,0.936659,0.848435,0.834736,1,0.955552,0.806838,0.740581,0.578429,0.850546,0.121792,0.324312,0.763416,0.742832
89.0625,0.020281,0.02695,0.097743,0.071914,0.088369,0.023909,0.103953,0.036188,0.094769,0.036031,0.033264,0.046628,0.083391,0.02307,0.034261,0.032062,0.655637,0.4962,0.640418,0.925631,0.763557,0.74322,1,0.95039,0.645553,0.532864,0.388396,0.818674,0.245841,0.168444,0.657708,0.658616
89.453125,0.050398,0.003662,0.138243,0.211718,0.097847,0.009679,0.144989,0.120827,0.117163,0.047445,0.030578,0.035853,0.067239,0.025001,0.015481,0.037936,0.573423,0.49465,0.698106,0.924123,0.743719,0.72239,1,0.944967,0.674819,0.576261,0.407328,0.787917,0.117644,0.210587,0.616245,0.580838
89.84375,0.035242,0.026264,0.00152,0.017309,0.001774,0.018631,0.060995,0.064012,0.116594,0.01708,0.004521,0.005654,0.03648,0.029117,0.032465,0.021342,0.520792,0.493356,0.751599,0.936767,0.759303,0.772218,1,0.922075,0.707033,0.516258,0.434603,0.7519,0.220944,0.242789,0.687809,0.579976
90.234375,0.065944,0.034645,0.060029,0.031165,0.01524,0.033677,0.078063,0.09732,0.127527,0.017293,0.065157,0.100402,0.042991,0.032895,0.01655,0.069917,0.509232,0.411681,0.74835,0.940243,0.764092,0.695415,1,0.942527,0.729232,0.656414,0.355993,0.772924,0.141742,0.110137,0.636352,0.5743
90.625,0.023777,0.020933,0.107417,0.05057,0.032577,0.026444,0.096178,0.131363,0.129932,0.011027,0.07529,0.071032,0.050636,0.015841,0.074491,0.147637,0.507759,0.483944,0.627534,0.906758,0.691583,0.703567,1,0.935911,0.689764,0.605166,0.399967,0.796394,0.048723,0.166418,0.662254,0.624125
91.015625,0.063143,0.00368,0.049162,0.036428,0.012199,0.016669,0.10499,0.172401,0.14613,0.024683,0.059536,0.133059,0.005177,0.022181,0.028922,0.107022,0.614228,0.547323,0.658562,0.877608,0.79936,0.734407,1,0.941148,0.662319,0.56501,0.512983,0.791945,0.026135,0.33878,0.692553,0.641538
91.40625,0.020895,0.051425,0.017466,0.04502,0.017054,0.060866,0.031073,0.043354,0.029355,0.011819,0.021382,0.028936,0.033466,0.058007,0.010879,0.019124,0.524746,0.427304,0.732685,0.899667,0.741003,0.693853,1,0.930276,0.687063,0.530069,0.38447,0.758095,0.038684,0.200082,0.636017,0.550187
91.796875,0.045006,0.016131,0.027625,0.075976,0.006929,0.092191,0.042572,0.024071,0.089051,0.065917,0.016822,0.031479,0.065651,0.003632,0.045157,0.029244,0.487303,0.40826,0.5359,0.901336,0.733625,0.645687,1,0.922421,0.633166,0.484611,0.356229,0.735118,0.052724,0.169614,0.643297,0.519209
92.1875,0.052805,0.015836,0.057622,0.060213,0.04046,0.0409,0.093203,0.039715,0.102797,0.024844,0.013165,0.062837,0.01906,0.033279,0.044702,0.024038,0.523528,0.497738,0.593751,0.880592,0.754469,0.782104,1,0.929792,0.705741,0.584896,0.451665,0.780628,0.112976,0.301649,0.648331,0.580274
92.578125,0.024886,0.064427,0.037523,0.030848,0.028418,0.045192,0.074186,0.013342,0.060051,0.051212,0.018098,0.04317,0.029895,0.110477,0.022113,0.047552,0.537004,0.473522,0.770344,0.9095,0.759494,0.689575,1,0.935534,0.768455,0.69156,0.39396,0.767704,0.189497,0.164452,0.641182,0.561638
92.96875,0.044675,0.002751,0.052491,0.063664,0.088688,0.068553,0.022395,0.027178,0.131243,0.012085,0.044826,0.095108,0.043584,0.012257,0.09933,0.070031,0.525945,0.393296,0.688119,0.897915,0.608026,0.586334,1,0.894645,0.655314,0.507676,0.251549,0.591751,0.133854,0.100389,0.470914,0.398781
93.359375,0.087104,0.082495,0.052189,0.068924,0.081199,0.108641,0.012146,0.019134,0.209286,0.064005,0.039718,0.082733,0.099201,0.151076,0.015463,0.090461,0.492642,0.409732,0.67799,0.895854,0.634923,0.676041,1,0.913624,0.610111,0.573737,0.274371,0.624829,0.07738,0.142828,0.517075,0.462008
93.75,0.05531,0.035269,0.083744,0.035103,0.027305,0.002746,0.037609,0.029611,0.133366,0.004409,0.001381,0.08861,0.070443,0.106781,0.003577,0.107299,0.456688,0.3577,0.778422,0.932058,0.692374,0.690677,1,0.943002,0.676765,0.589972,0.282372,0.724365,0.159314,0.076558,0.577526,0.523423
94.140625,0.032532,0.051317,0.048343,0.046311,0.021485,0.028109,0.031536,0.047265,0.040121,0.036208,0.002598,0.05403,0.092502,0.031364,0.019068,0.014632,0.486693,0.414765,0.677635,0.878341,0.724304,0.701587,1,0.919464,0.665012,0.461895,0.277845,0.761681,0.19217,0.056661,0.562909,0.542359
94.53125,0.015846,0.000705,0.034742,0.020668,0.049612,0.029315,0.019988,0.036472,0.036696,0.051323,0.084791,0.027466,0.053534,0.005585,0.023807,0.016229,0.455287,0.3963,0.641666,0.90098,0.689858,0.684643,1,0.913596,0.727629,0.540129,0.341346,0.699101,0.059037,0.140208,0.588997,0.521805
94.921875,0.096503,0.020672,0.035915,0.036133,0.053698,0.033206,0.008429,0.008785,0.180573,0.040396,0.100576,0.115482,0.042321,0.020424,0.040074,0.192603,0.500182,0.460104,0.588653,0.898209,0.634088,0.658085,1,0.921682,0.562879,0.547582,0.283167,0.797973,0.203452,0.099962,0.601321,0.591531
95.3125,0.036135,0.039217,0.029456,0.067287,0.00738,0.005209,0.009267,0.003203,0.075641,0.013602,0.016352,0.073498,0.038761,0.019425,0.020271,0.044772,0.422871,0.377849,0.669216,0.912657,0.615631,0.600608,1,0.908789,0.743254,0.645075,0.272119,0.800506,0.08525,0.060736,0.627017,0.553796
95.703125,0.019324,0.07993,0.013971,0.035554,0.06867,0.044263,0.044852,0.086988,0.043255,0.004122,0.090497,0.028338,0.000981,0.029197,0.020265,0.072938,0.526253,0.40737,0.473939,0.847106,0.620948,0.555519,1,0.877787,0.54876,0.43568,0.356929,0.750517,0.023994,0.17557,0.644697,0.557987
96.09375,0.007344,0.011477,0.052715,0.055635,0.020031,0.009975,0.066352,0.075418,0.094042,0.068584,0.069021,0.063115,0.036467,0.054878,0.019699,0.057965,0.448699,0.33801,0.561426,0.860548,0.567688,0.635964,1,0.880548,0.510332,0.356506,0.302759,0.670909,0.017592,0.180471,0.545991,0.487361
96.484375,0.007279,0.115465,0.094745,0.084886,0.013702,0.080073,0.101977,0.060472,0.144345,0.018591,0.024514,0.024291,0.132429,0.063623,0.064659,0.02422,0.507383,0.39897,0.550259,0.863883,0.773062,0.734427,1,0.899244,0.661819,0.455489,0.563305,0.76063,0.010722,0.384848,0.707448,0.640425
96.875,0.036009,0.023775,0.017336,0.02616,0.00293,0.009091,0.02667,0.013383,0.023369,0.033447,0.036793,0.081811,0.065742,0.012395,0.009419,0.020956,0.371868,0.247726,0.625414,0.836259,0.579806,0.565729,1,0.916605,0.644622,0.472992,0.260736,0.715117,0.081108,0.061742,0.567042,0.473066
97.265625,0.057735,0.012775,0.092947,0.080673,0.065028,0.02013,0.090453,0.087869,0.078781,0.020144,0.023887,0.031224,0.10074,0.019733,0.00574,0.034506,0.427119,0.297799,0.520481,0.807908,0.556938,0.514816,1,0.914063,0.610679,0.401606,0.164902,0.684978,0.080996,0.052999,0.476763,0.35661
97.65625,0.030333,0.000984,0.022715,0.042591,0.031333,0.008732,0.044491,0.010945,0.046963,0.000936,0.000613,0.023638,0.004519,0.014721,0.003337,0.017833,0.58796,0.423469,0.554624,0.827884,0.726844,0.716695,1,0.900151,0.674557,0.426593,0.473325,0.735357,0.003558,0.285365,0.631496,0.51995
98.046875,0.025076,0.024061,0.03854,0.011501,0.009241,0.016632,0.042491,0.086724,0.088798,0.042399,0.005187,0.063071,0.052191,0.063707,0.008404,0.045887,0.539382,0.422548,0.622181,0.883549,0.718331,0.752575,1,0.920189,0.672393,0.514008,0.3742,0.747385,0.012809,0.203844,0.627364,0.495401
98.4375,0.052857,0.095514,0.002962,0.002537,0.006481,0.035489,0.03398,0.068022,0.059335,0.012221,0.011108,0.039877,0.164773,0.048159,0.036491,0.020556,0.556714,0.4271,0.631477,0.877596,0.700283,0.757487,1,0.920243,0.629774,0.393624,0.410302,0.702551,0.013245,0.260036,0.574478,0.540703
98.828125,0.035455,0.066931,0.007488,0.023082,0.010192,0.016253,0.02842,0.031543,0.028683,0.030965,0.023492,0.05606,0.069454,0.063425,0.01407,0.031976,0.432982,0.366676,0.585725,0.872101,0.656025,0.812324,1,0.911027,0.725121,0.495643,0.401853,0.648752,0.016403,0.25151,0.541133,0.528877
99.21875,0.093821,0.02448,0.074981,0.072574,0.127534,0.029035,0.098363,0.020971,0.030834,0.097649,0.096212,0.030806,0.015406,0.048486,0.065978,0.130677,0.491303,0.412614,0.635186,0.884942,0.654265,0.708544,1,0.883157,0.723724,0.532137,0.350234,0.659284,0.008055,0.191427,0.559281,0.501034
99.609375,0.044187,0.025411,0.017767,0.011146,0.027807,0.004267,0.03122,0.058274,0.014112,0.021957,0.008522,0.016335,0.016901,0.029613,0.001479,0.061704,0.355415,0.255731,0.743511,0.856202,0.576932,0.622279,1,0.869085,0.683706,0.591977,0.245485,0.631828,0.099569,0.150552,0.458288,0.416569
100,0,0,0,0,0,0,0,0,0,0,0,0,0,0,0,0,0,0,0,0,0,0,0,0,0,0,0,0,0,0,0,0